{"namespaces":[{"name":"hippostd","uri":"http://www.onehippo.org/jcr/hippostd/nt/2.0"},{"name":"hippo","uri":"http://www.onehippo.org/jcr/hippo/nt/2.0.4"},{"name":"xinmods","uri":"http://www.onehippo.org/xinmods/nt/1.0"},{"name":"hippotranslation","uri":"http://www.onehippo.org/jcr/hippotranslation/nt/1.0"}],"entities":[{"name":"xinmods:navigation","mixin":false,"abstrakt":false,"orderable":true,"superTypes":["hippostd:relaxed","hippotranslation:translated","xinmods:basedocument"],"properties":[],"childNodes":[]},{"name":"xinmods:navigationitem","mixin":false,"abstrakt":false,"orderable":true,"superTypes":["hippo:compound","hippostd:relaxed"],"properties":[],"childNodes":[]},{"name":"xinmods:navigationitemThree","mixin":false,"abstrakt":false,"orderable":true,"superTypes":["hippo:compound","hippostd:relaxed"],"properties":[],"childNodes":[]},{"name":"xinmods:navigationitemTwo","mixin":false,"abstrakt":false,"orderable":true,"superTypes":["hippo:compound","hippostd:relaxed"],"properties":[],"childNodes":[]},{"name":"xinmods:redirect","mixin":false,"abstrakt":false,"orderable":true,"superTypes":["hippostd:relaxed","hippotranslation:translated","xinmods:basedocument"],"properties":[],"childNodes":[]}]}